{"cameraMode":{"drawMode":0,"name":"Shaded","section":"Shading Mode"},"sceneLighting":true,"audioPlay":false,"sceneViewState":{"showFog":true,"showMaterialUpdate":true,"showSkybox":true,"showFlares":true,"showImageEffects":true,"showParticleSystems":true},"in2DMode":false,"pivot":{"x":-65.85281372070313,"y":-34.67026138305664,"z":15.439062118530274},"rotation":{"x":0.1987719088792801,"y":-0.5667214393615723,"z":0.1432018280029297,"w":0.7866458296775818},"size":95.55139923095703,"orthographic":false}